{
  "meta": {
    "layout": 0,
    "layouts": [
      {
        "9e9c0c2b-9246-4619-abf6-e3ea17b87dfe": {
          "x": -32.1647152092915,
          "y": 0,
          "z": -13.363558570328983
        },
        "6ffca649-fee2-49be-9849-3f09118daa5a": {
          "x": -32.221449028546296,
          "y": 0,
          "z": -0.6793840811338185
        },
        "516d1d09-9d77-4a6b-b355-a430a963f13f": {
          "x": -16.0655009972921,
          "y": 0,
          "z": -12.881762287449734
        },
        "95ae1b87-5dbc-4a96-a887-6dfbf2ea3d7b": {
          "x": -16.124656758367394,
          "y": 0,
          "z": -0.6507462892838181
        },
        "4e9e9ac5-c782-4ed3-bd95-91b7189c37f0": {
          "x": -5.027432414502166,
          "y": 0,
          "z": -20.531084299525816
        },
        "b7f250be-1ac8-4761-ba62-c1a31b85c19d": {
          "x": -5.807657917916202,
          "y": 0,
          "z": 9.12928784729896
        },
        "f8813a75-c024-4e7d-b61f-62e555d08a2e": {
          "x": 12.234195984444263,
          "y": 0,
          "z": -20.202456932887053
        },
        "f0fa27b3-ada2-478f-affa-a28ba631e8e9": {
          "x": 12.024470143568038,
          "y": 0,
          "z": 9.684334790423998
        },
        "71877c78-38b9-469f-b72f-c78a00eeff1e": {
          "x": 45.68737863872432,
          "y": 0,
          "z": -15.527521150123341
        },
        "3cc96985-a282-4ce6-922a-1c4ce2a1f795": {
          "x": 43.57381772916669,
          "y": 0,
          "z": 10.276672617717754
        },
        "1d1b08d0-7958-41bc-b718-38dd58c1c5d3": {
          "x": 44.143514565560565,
          "y": 0,
          "z": 17.382007836207748
        },
        "97694eb4-24f2-466b-8ebc-c04ec7755086": {
          "x": 43.97523791861657,
          "y": 0,
          "z": 3.5378920382018
        },
        "5a7842f8-5f6e-4369-9923-f7474f19ba6c": {
          "x": 45.156732170243494,
          "y": 0,
          "z": -25.14682936719663
        },
        "9cd94833-6d65-49cd-8a8e-0e5889f8214c": {
          "x": 26.242476571278846,
          "y": 0,
          "z": 3.1687594581469165
        },
        "0530c8e7-756e-432b-b989-55067a297c39": {
          "x": 26.210414222683827,
          "y": 0,
          "z": 9.917466789671328
        },
        "6163172c-7ab6-42fd-9479-52682708f7f2": {
          "x": 25.98007924799157,
          "y": 0,
          "z": 16.951654134654405
        },
        "359bb721-701a-4ec7-8eea-fea970a249bc": {
          "x": 27.023480726099905,
          "y": 0,
          "z": -16.28461698752261
        },
        "f88a3c01-6663-441f-b492-987bffbae5a1": {
          "x": 26.14905662098824,
          "y": 0,
          "z": -25.61741471904519
        },
        "4517602e-9e5d-4309-bddd-8d92ad9f581e": {
          "x": 80.38859032527506,
          "y": 0,
          "z": -7.762701927229674
        },
        "2e7320c2-0b7c-413b-a2fc-3d3258c4f760": {
          "x": 61.01639715731084,
          "y": 0,
          "z": -24.64463983126064
        },
        "d72bb42b-8d5c-48c1-a9f6-c95478ef79e4": {
          "x": 61.82141797720643,
          "y": 0,
          "z": -15.479459818686752
        },
        "5a4210e5-386e-4323-afb7-8f3a582dccc9": {
          "x": 62.13421987051048,
          "y": 0,
          "z": 3.776001613532644
        },
        "cca734fd-7167-405f-a3cc-c395c36c0701": {
          "x": 62.06206592881958,
          "y": 0,
          "z": 10.676776727494673
        },
        "527bcbf4-d6b5-4cd3-affd-9fb41d2f0146": {
          "x": 62.075926974547706,
          "y": 0,
          "z": 17.638771074117024
        }
      }
    ],
    "name": "arb_loop_v3",
    "elements": [],
    "encoder": "array",
    "encoder_version": "0.1",
    "origin": "int",
    "foreign_id": "uuid",
    "foreign_a": "a",
    "foreign_b": "b"
  },
  "nodes": [
    {
      "origin": "internal",
      "slot": "9e9c0c2b-9246-4619-abf6-e3ea17b87dfe",
      "payload": {
        "labels": [
          "alias"
        ],
        "brand": "unknown",
        "name": "M.M",
        "uuid": "bb2e06b6-6faf-4857-9dce-73d7ebd39a33"
      }
    },
    {
      "origin": "internal",
      "slot": "6ffca649-fee2-49be-9849-3f09118daa5a",
      "payload": {
        "labels": [
          "alias"
        ],
        "brand": "unknown",
        "name": "J.West",
        "uuid": "8193d473-11d3-4b43-ade0-9fc8103ee660"
      }
    },
    {
      "origin": "internal",
      "slot": "516d1d09-9d77-4a6b-b355-a430a963f13f",
      "payload": {
        "labels": [
          "admin"
        ],
        "brand": "wellsfargo",
        "symbol": "BTC/USD",
        "uuid": "6c3ad47a-1d07-4ac1-bc45-b6388d849054",
        "name": "Wells Fargo SF"
      }
    },
    {
      "origin": "internal",
      "slot": "95ae1b87-5dbc-4a96-a887-6dfbf2ea3d7b",
      "payload": {
        "labels": [
          "admin"
        ],
        "brand": "chase",
        "symbol": "BTC/USD",
        "uuid": "8a807457-fcc1-4249-a852-abeab6bd3e01",
        "name": "CHASE",
        "fn": "detailEvent"
      }
    },
    {
      "origin": "internal",
      "slot": "4e9e9ac5-c782-4ed3-bd95-91b7189c37f0",
      "payload": {
        "labels": [
          "fiat"
        ],
        "brand": "usd",
        "symbol": "UKNX/USD",
        "uuid": "1f26295f-1c5a-4486-aa18-cb29daea802f"
      }
    },
    {
      "origin": "internal",
      "slot": "b7f250be-1ac8-4761-ba62-c1a31b85c19d",
      "payload": {
        "labels": [
          "fiat"
        ],
        "brand": "usd",
        "symbol": "UKNX/USD",
        "uuid": "ed559625-89e3-4503-8fca-c76da9a80dec"
      }
    },
    {
      "origin": "internal",
      "slot": "f8813a75-c024-4e7d-b61f-62e555d08a2e",
      "payload": {
        "labels": [
          "cex"
        ],
        "brand": "coinbase",
        "uuid": "513a307c-bc33-4899-991e-cc0ca40bb086"
      }
    },
    {
      "origin": "internal",
      "slot": "f0fa27b3-ada2-478f-affa-a28ba631e8e9",
      "payload": {
        "labels": [
          "cex"
        ],
        "brand": "coinbase",
        "uuid": "f6f843b9-236f-474a-a630-bf0879cf50f2"
      }
    },
    {
      "origin": "internal",
      "slot": "71877c78-38b9-469f-b72f-c78a00eeff1e",
      "payload": {
        "labels": [
          "cex"
        ],
        "brand": "maker",
        "uuid": "e04eaee2-b685-4046-9507-74fe7ffbb143"
      }
    },
    {
      "origin": "internal",
      "slot": "3cc96985-a282-4ce6-922a-1c4ce2a1f795",
      "payload": {
        "labels": [
          "cex"
        ],
        "brand": "binance",
        "uuid": "3924a0b1-e8fd-4881-9a81-bd3921b8ee28"
      }
    },
    {
      "origin": "internal",
      "slot": "1d1b08d0-7958-41bc-b718-38dd58c1c5d3",
      "payload": {
        "labels": [
          "cex"
        ],
        "brand": "bitmex",
        "uuid": "b8fe3378-7794-44a2-a448-18d56772ab28"
      }
    },
    {
      "origin": "internal",
      "slot": "97694eb4-24f2-466b-8ebc-c04ec7755086",
      "payload": {
        "labels": [
          "cex"
        ],
        "brand": "kraken",
        "uuid": "2307568a-8b63-437a-9457-dbe1c6723d13"
      }
    },
    {
      "origin": "internal",
      "slot": "5a7842f8-5f6e-4369-9923-f7474f19ba6c",
      "payload": {
        "labels": [
          "dex"
        ],
        "brand": "curve",
        "uuid": "56dddc5a-2e51-4cf8-99c1-441eb8af6a7f"
      }
    },
    {
      "origin": "internal",
      "slot": "9cd94833-6d65-49cd-8a8e-0e5889f8214c",
      "payload": {
        "labels": [
          "dtoken"
        ],
        "brand": "na",
        "symbol": "ETH/USD",
        "uuid": "403f0da9-df31-491d-bf65-8e7ea6da5e1c"
      }
    },
    {
      "origin": "internal",
      "slot": "0530c8e7-756e-432b-b989-55067a297c39",
      "payload": {
        "labels": [
          "dtoken"
        ],
        "brand": "na",
        "symbol": "BNB/USD",
        "uuid": "ef0cb103-ed12-431f-ba0d-3646fd38605f"
      }
    },
    {
      "origin": "internal",
      "slot": "6163172c-7ab6-42fd-9479-52682708f7f2",